"mAb name","Method","Epitope Type","Organism","Strain","Protein","Domain","Sequence"
"1.6D","Computational","Predicted","","","E(AB)","","72-73,76-77,101,103-105,107,131,133,147-149,154,246,309-311"
"1.6D","Mutagenesis","Residue","DENV-3","H-78","E","D2","101,109"
"10A1D-2","Western blot","Domain","DENV-2","New Guinea C","E","D1/D2","1-120"
"10A4D-2","Western blot","Domain","DENV-2","New Guinea C","E","D3","300-400"
"10F2","Computational","Predicted","","","E(AB)","","65-73,79,81,83-84,87,92,94,103,118,225-226,241,246-247,249"
"10F2","Passaging","Residue","DENV-2","New Guinea C","E","D2","69,71"
"13D4-1","Computational","Predicted","","","E(AC)","","101,107,145,147-149,158,178,307-311,325,355,359,364"
"13D4-1","Mutagenesis","Residue","DENV-2","Thailand/16681/84","E","D3","315,317,331,359"
"14A4","Computational","Predicted","","","E(AC)","","147-148,167,300,303,305,307-310,325,327-332,359-362,364,383-387"
"14A4","Mutagenesis","Residue","DENV-3","CH53489","E","D3","308,326,328"
"14A4-8","Computational","Predicted","","","E(AC)","","101,147-148,167-168,303,305,307-311,325,327-331,359-362,364,383-387"
"14A4-8","Mutagenesis","Residue","DENV-3","Philippines/H87/1956","E","D3","305,306,308,309,310,325,329,381,387"
"14C10","Computational","Predicted","","","E(AB)","","46-47,49,51-52,131,133,136,160-161,163,165,167-168,170,172,274-275,277,279"
"14C10","Cryo-em","Residue","DENV-1","SG/07K3640DK1/2008","E","D1","51,53,134,136,160-163,167,168,171-174,273-276,278"
"1A15","Yeast display","Domain","DENV-3","CH-53489","E","D1/D2","1-297"
"1A1D-2","Cryo-em","Residue","DENV-2","Puerto Rico/PR159-S1/1969","E","D3","67-73,99-104,106-108,304,305,307-312,325,327,361-364,388-391"
"1A1D-2","Mutagenesis","Residue","DENV-2","Thailand/16681/84","E","D3","304,305,307,310"
"1A1D-2","Mutagenesis","Residue","DENV-2","Thailand/16681/84","E","D3","305,310,311,364,388"
"1A1D-2","Mutagenesis","Residue","DENV-2","Thailand/16681/84","E","D3","305,307,310"
"1A1D-2","Mutagenesis","Residue","DENV-1","BC94/95","E","D3","106,107,310,311,364"
"1A1D-2","Mutagenesis","Residue","DENV-2","New Guinea C","E","D3","307,310,312,391"
"1A1D-2","Western blot","Domain","DENV-2","New Guinea C","E","D3","300-400"
"1A1D-2","X-ray","Residue","DENV-2","Thailand/16681/84","E","D3","305-312,323,325,327,361-364,387,388-391,393"
"1B19","Computational","Predicted","","","E(AB)","","73,76-77,101,103-105,107,131,133,145,147-149,154,308-311,364"
"1B19","Mutagenesis","Residue","DENV-4","34170.0","E","D2","101"
"1B23","Yeast display","Domain","DENV-2","S-16803","E","D3","298-397"
"1B7","Computational","Predicted","","","E(A)","","49,51-54,73,76-77,101,103-105,107,128,131,133,136,165,167-168,308-312"
"1B7","Mutagenesis","Residue","DENV-1","BC94/95","E","D3","106"
"1B7","Pepscan","Peptide","DENV-2","Jamaica/1409/1983","E","D3","50-57,127-134,349-356"
"1B7","Western blot","Domain","DENV-2","New Guinea C","E","D1/D2","1-120,158-400"
"1C16","Yeast display","Domain","DENV-2","S-16803","E","D1/D2","1-297"
"1C17","Yeast display","Domain","DENV-3","CH-53489","E","D3","298-397"
"1C18","Computational","Predicted","","","E(AB)","","72-73,76-77,101,103-105,107,131,133,148-149,246,309-311"
"1C18","Mutagenesis","Residue","DENV-4","34170.0","E","D2","101,107,111"
"1C19","Computational","Predicted","","","E(AB)","","53,55,70-73,76-77,79,81,83,92,94,103-105,107,126,128,131,220,225-226,232"
"1C19","Mutagenesis","Residue","DENV-4","34170.0","E","D2","73,78-79"
"1E4","Computational","Predicted","","","E(AB)","","72-73,76-77,101,103-105,107,131,133,147-149,154,246,308-311,364"
"1E4","Mutagenesis","Residue","DENV-4","34170.0","E","D2","101,108"
"1F1(1)","Computational","Predicted","","","E(AC)","","299-300,303,305,307,325,327-332,361,383-387"
"1F1(1)","Mutagenesis","Residue","DENV-2","16681.0","E","D3","303,304,330,383,384"
"1F1(1)","Western blot","Domain","DENV-2","New Guinea C","E","D3","298-397"
"1F1(2)","Western blot","Domain","DENV-2","New Guinea C","E","D3","298-397"
"1F12.2","Computational","Predicted","","","E(AB)","","72-73,76-77,101,103-105,107,131,133,147-149,154,246,308-311,364"
"1F12.2","Mutagenesis","Residue","DENV-4","34170.0","E","D2","101,108"
"1F4","Computational","Predicted","","","E(AB)","","2,46-47,49,51,136,154,156-158,160-161,163,165,167-168,170,172,174,277,279"
"1F4","Cryo-em","Residue","DENV-1","PVP159","E","D1","46-49,51-52,136,138,155-157,160-163,165,170-174,176,177,273-276"
"1F4","Passaging","Residue","DENV-1","West Pac 74","E","D1/D2","47,274"
"1H20","Computational","Predicted","","","E(AB)","","72-73,76-77,101,103-105,107,131,133,148-149,246,309-311"
"1H20","Mutagenesis","Residue","DENV-4","34170.0","E","D2","99,101,106,107,108"
"1H6","Western blot","Domain","DENV-2","New Guinea C","E","D3","298-397"
"1H9","Computational","Predicted","","","E(AC)","","145,147-148,299-300,303,305,307-310,325,327-332,355,359-362,364,383-387"
"1H9","Mutagenesis","Residue","DENV-3","CH53489","E","D3","302,304,308,310,323,325,326,327,328,329,330,357,358,361,380,382,386"
"1I16","Computational","Predicted","","","E(AB)","","72-73,76-77,101,103-105,107,131,133,147-149,154,246,308-311,364"
"1I16","Mutagenesis","Residue","DENV-4","34170.0","E","D2","101,108"
"1I17","Computational","Predicted","","","E(AB)","","52,72-73,76-77,101,103-105,107,131,133,147-149,308-311,364"
"1I17","Mutagenesis","Residue","DENV-4","34170.0","E","D2","101,106,107"
"1I17","Yeast display","Domain","DENV-3","CH-53489","E","D1/D2","1-297"
"1K16","Computational","Predicted","","","E(AB)","","72-73,76-77,101,103-105,107,131,133,148-149,246,309-311"
"1K16","Mutagenesis","Residue","DENV-4","34170.0","E","D2","101,106,107,111"
"1L4","Computational","Predicted","","","E(AB)","","73,76-77,101,103-105,107,131,133,145,147-149,154,308-311,364"
"1L4","Mutagenesis","Residue","DENV-4","34170.0","E","D2","101"
"1L5","Yeast display","Domain","DENV-3","CH-53489","E","D1/D2","1-297"
"1L6","Computational","Predicted","","","E(AB)","","72-73,76-77,101,103-105,107,131,133,147-149,154,246,309-311"
"1L6","Mutagenesis","Residue","DENV-4","34170.0","E","D2","100,101,108"
"1M12.2","Computational","Predicted","","","E(AB)","","72-73,76-77,101,103-105,107,131,133,149,246,309-311"
"1M12.2","Mutagenesis","Residue","DENV-4","34170.0","E","D2","99,101,107,108,111"
"1M19","Yeast display","Domain","DENV-2","S-16803","E","D3","298-397"
"1M23","Yeast display","Domain","DENV-3","CH-53489","E","D3","298-397"
"1M4","Computational","Predicted","","","E(AB)","","72-73,76-77,101,103-105,107,131,133,148-149,246,309-311"
"1M4","Mutagenesis","Residue","DENV-4","34170.0","E","D2","101,107,111"
"1M6.2","Computational","Predicted","","","E(AB)","","72-73,76-77,101,103-105,107,131,133,147-149,308-311,364"
"1M6.2","Mutagenesis","Residue","DENV-4","34170.0","E","D2","101,107"
"1M7","Computational","Predicted","","","E(AB)","","72-73,76-77,101,103-105,107,131,133,147-149,154,246,309-311"
"1M7","Mutagenesis","Residue","DENV-4","34170.0","E","D2","101,111"
"1N5","Computational","Predicted","","","E(AB)","","72-73,76-77,101,103-105,107,131,133,148-149,246,309-311"
"1N5","Mutagenesis","Residue","DENV-4","34170.0","E","D2","101,107,111"
"1N8","Computational","Predicted","","","E(AB)","","72-73,76-77,101,103-105,107,131,133,148-149,246,309-311"
"1N8","Mutagenesis","Residue","DENV-4","34170.0","E","D2","100,101,107,111"
"2A10","Yeast display","Domain","DENV-2","S-16803","E","D1/D2","1-297"
"2A10G6","Computational","Predicted","","","E(AB)","","71-73,76-77,101,103-105,107,131,148-149,154,246-247,310-311"
"2A10G6","Pepscan","Peptide","DENV-2","43.0","E","D1/D2","98-101"
"2A15","Computational","Predicted","","","E(AB)","","73,76-77,101,103-105,107,131,133,145,147-149,154,308-311,364"
"2A15","Mutagenesis","Residue","DENV-4","34170.0","E","D2","101"
"2A15","Yeast display","Domain","DENV-3","CH-53489","E","D1/D2","1-297"
"2A4.1","Computational","Predicted","","","E(AB)","","2,46-47,49,136,154-158,160-161,163,165,172,174,246,277,279"
"2A4.1","Pepscan","Peptide","DENV-2","New Guinea C","Pr","Pr","40-49"
"2C2","Yeast display","Domain","DENV-3","CH-53489","E","D1/D2","1-297"
"2C3","Computational","Predicted","","","E(AC)","","101,145,147-149,178,305,307-311,325,327,355,359-362,364,387"
"2C3","Pepscan","Peptide","DENV-1","Nauru/West Pac/1974","E","D3","361-372"
"2C49","Computational","Predicted","","","E(AC)","","76,101,103-105,107,131,133,308-311"
"2C49","Pepscan","Peptide","DENV-1","Nauru/West Pac/1974","E","D3","309-320"
"2C49","Yeast display","Residue","DENV-3","unknown","E","D3","316,317"
"2C5","Western blot","Domain","DENV-2","New Guinea C","E","D3","298-397"
"2C5.1","Pepscan","Peptide","DENV-2","Puerto Rico/PR159-S1/1969","E","D3","101-109,274-283,349-359"
"2C7","Computational","Predicted","","","E(AB)","","72-73,76-77,101,103-105,107,131,133,148-149,246,309-311"
"2C7","Mutagenesis","Residue","DENV-4","34170.0","E","D2","101,107,108,111"
"2C7","Yeast display","Domain","DENV-2","S-16803","E","D1/D2","1-297"
"2C7.a","Computational","Predicted","","","E(AC)","","76,101,103-105,107,131,133,308-311"
"2C7.a","Pepscan","Peptide","DENV-1","Nauru/West Pac/1974","E","D3","309-320"
"2C7.a","Yeast display","Residue","DENV-3","unknown","E","D3","316"
"2D13","Computational","Predicted","","","E(AC)","","76,101,103-105,107,131,133,308-311"
"2D13","Pepscan","Peptide","DENV-1","Nauru/West Pac/1974","E","D3","309-320"
"2D13","Yeast display","Residue","DENV-2","unknown","E","D3","317"
"2D17","Yeast display","Domain","DENV-3","CH-53489","E","D1/D2","1-297"
"2D22","Cryo-em","Residue","DENV-2","PVP94/07","E","D1/D2/D3","2,66-74,99,101-105,113,148-149,151-155,246-248,307,309,310,325,327,360-364"
"2D22","Cryo-em","Residue","DENV-2","New Guinea C","E","D1/D2/D3","2,66-74,99,101-105,113,148-149,151-155,246-248,307,309,310,325,327,360-364"
"2D22","Passaging","Residue","DENV-2","S-16803","E","D3","323"
"2D7","Yeast display","Domain","DENV-3","CH-53489","E","D1/D2","1-297"
"2D73","X-ray","Residue","DENV-4","H241","E","D3","313-321,352-354,366,368,370"
"2E14","Computational","Predicted","","","E(AC)","","76,101,103-105,107,131,133,308-311"
"2E14","Pepscan","Peptide","DENV-1","Nauru/West Pac/1974","E","D3","309-320"
"2E14","Yeast display","Residue","DENV-3","unknown","E","D3","316,317"
"2F2","Computational","Predicted","","","E(AB)","","51-53,55,72-73,76-77,79,101,103-105,107,128,131,133,136,167,309-311"
"2F2","Pepscan","Peptide","DENV-2","New Guinea C","E","D3","48-57,101-109"
"2F2","Western blot","Domain","DENV-2","New Guinea C","E","D3","298-397"
"2H12","Computational","Predicted","","","E(AC)","","101,103,105,107,145,147-149,308-311,325,355,364"
"2H12","X-ray","Residue","DENV-4","H241","E","D3","310,313-317,319,323,352,366,368,370"
"2H12","X-ray","Residue","DENV-3","H87","E","D3","310,313-317,319,321,323,352-354,366,368,370"
"2H12","X-ray","Residue","DENV-1","Hawaii","E","D3","310,313-317,319,321,323,352-354,363,364,366,368,370"
"2H2","Computational","Predicted","","","E(AB)","","2,46-47,49,136,160-161,163,165,167,170,172,277,279"
"2H2","Cryo-em","Residue","DENV-2","16681.0","Pr","Pr","1-4,18,21-28,30,31"
"2H2","Pepscan","Peptide","DENV-2","New Guinea C","Pr","Pr","131-140"
"2I23","Computational","Predicted","","","E(AB)","","52,72-73,76-77,101,103-105,107,131,133,147-149,308-311,364"
"2I23","Mutagenesis","Residue","DENV-4","34170.0","E","D2","101,106,107"
"2J20","Yeast display","Domain","DENV-2","S-16803","E","D3","294-409"
"2J21","Computational","Predicted","","","E(AB)","","53,55,71-73,76-77,79,81,94,101,103-105,107,131,133,246,310-311"
"2J21","Mutagenesis","Residue","DENV-4","34170.0","E","D2","78,79,101,107,110,111"
"2M11","Computational","Predicted","","","E(AB)","","72-73,76-77,101,103-105,107,131,133,147-149,154,246,308-311,364"
"2M11","Mutagenesis","Residue","DENV-4","34170.0","E","D2","101,104"
"2Q1899","Computational","Predicted","","","E(AC)","","299-300,303,305,307-308,325,327-332,359-362,383-387"
"2Q1899","Mutagenesis","Residue","DENV-2","New Guinea C","E","D3","301,305,383,384,329,332"
"2Q1899","Mutagenesis","Residue","DENV-2","16681.0","E","D3","304,383,384"
"3A3","Computational","Predicted","","","E(AC)","","76,101,103-105,107,131,133,308-311"
"3A3","Pepscan","Peptide","DENV-1","Nauru/West Pac/1974","E","D3","309-320"
"3A3","Yeast display","Residue","DENV-3","unknown","E","D3","316,317"
"3A37","Computational","Predicted","","","E(AC)","","76,101,103-105,107,131,133,308-311"
"3A37","Pepscan","Peptide","DENV-1","Nauru/West Pac/1974","E","D3","309-320"
"3A37","Yeast display","Residue","DENV-3","unknown","E","D3","317"
"3A9","Western blot","Domain","DENV-2","New Guinea C","E","D3","298-397"
"3B4","Computational","Predicted","","","E(AB)","","72-73,76-77,101,103-105,107,131,133,147-149,154,246,308-311,364"
"3B4","Mutagenesis","Residue","DENV-4","34170.0","E","D2","101,108"
"3B8","Computational","Predicted","","","E(AC)","","76,101,103-105,107,131,133,308-311"
"3B8","Pepscan","Peptide","DENV-1","Nauru/West Pac/1974","E","D3","309-320"
"3B8","Yeast display","Residue","DENV-2","unknown","E","D3","316,317"
"3D18","Computational","Predicted","","","E(AB)","","72-73,76-77,101,103-105,107,131,133,147-149,154,246,308-311,364"
"3D18","Mutagenesis","Residue","DENV-4","34170.0","E","D2","101,108"
"3D3","Computational","Predicted","","","E(AC)","","76,101,103-105,107,131,133,308-311"
"3D3","Pepscan","Peptide","DENV-1","Nauru/West Pac/1974","E","D3","309-320"
"3D3","Yeast display","Residue","DENV-2","unknown","E","D3","316,317"
"3E31","Computational","Predicted","","","E(AC)","","101,107,131,133,167-168,308-311,387"
"3E31","Pepscan","Peptide","DENV-1","Nauru/West Pac/1974","E","D3","309-320"
"3E31","X-ray","Residue","DENV-4","H241","E","D3","308-314,316,323,325,360,377,389-396"
"3E31","Yeast display","Residue","DENV-3","unknown","E","D3","316"
"3F13","Yeast display","Domain","DENV-2","S-16803","E","D1/D2","1-297"
"3G5","Computational","Predicted","","","E(AB)","","72-73,76-77,101,103-105,107,131,133,246,309-311"
"3G5","Mutagenesis","Residue","DENV-4","34170.0","E","D2","108"
"3H4","Computational","Predicted","","","E(AB)","","73,76-77,101,103-105,107,131,133,145,147-149,154,308-311,364"
"3H4","Mutagenesis","Residue","DENV-4","34170.0","E","D2","101"
"3H4","Yeast display","Domain","DENV-2","S-16803","E","D1/D2","1-297"
"3H5","Computational","Predicted","","","E(AC)","","101,133,165,167-168,170,305,307-311,325,364,385-387"
"3H5","Mutagenesis","Residue","DENV-2","New Guinea C","E","D3","301,305,383,384,327,329,332"
"3H5","Mutagenesis","Residue","DENV-2","16681.0","E","D3","304,383,384"
"3H5","Mutagenesis","Residue","DENV-1","BC94/95","E","D3","106,107,310,311,364"
"3H5","Pepscan","Peptide","DENV-2","New Guinea C","E","D3","386-397"
"3H5","Western blot","Domain","DENV-2","New Guinea C","E","D3","298-397"
"3H5","Western blot","Domain","DENV-2","New Guinea C","E","D3","255-422"
"3H9","Yeast display","Domain","DENV-2","S-16803","E","D1/D2","1-297"
"3I6","Yeast display","Domain","DENV-3","CH-53489","E","D1/D2","1-297"
"4.8A","Computational","Predicted","","","E(AB)","","72-73,76-77,101,103-105,107,131,133,147-149,246,308-311"
"4.8A","Mutagenesis","Residue","DENV-3","H-78","E","D2","101,107,109"
"4A19","Computational","Predicted","","","E(AC)","","76,101,103-105,107,131,133,308-311"
"4A19","Pepscan","Peptide","DENV-1","Nauru/West Pac/1974","E","D3","309-320"
"4A19","Yeast display","Residue","DENV-3","unknown","E","D3","317"
"4C23","Yeast display","Domain","DENV-2","S-16803","E","D1/D2","1-297"
"4C58","Computational","Predicted","","","E(AC)","","101,145,308,310-311,355,387"
"4C58","Pepscan","Peptide","DENV-1","Nauru/West Pac/1974","E","D3","365-376"
"4D2","Western blot","Domain","DENV-2","New Guinea C","E","D2","60-135"
"4E11","Computational","Predicted","","","E(AC)","","101,145,147-148,165,167-168,170,303,305,307-311,325,327-329,359-362,364,383-387"
"4E11","Mutagenesis","Peptide","DENV-1","FGA/89","E","D3","307-312,387,389,391"
"4E11","Western blot","Domain","DENV-2","New Guinea C","E","D3","298-397"
"4E11","X-ray","Residue","DENV-4","Burma/63632/1976","E","D3","305-312,323,325,327,360-365,387-391"
"4E11","X-ray","Residue","DENV-1","Guiana/FGA89/1989","E","D3","305-312,323,325,327,360-364,385-391"
"4E11","X-ray","Residue","DENV-2","Jamaica/1409/1983","E","D3","305-312,323,325,327,360-364,385-391"
"4E11","X-ray","Residue","DENV-3","Thailand/PaH881/1988","E","D3","304,310,383,384"
"4E8","Computational","Predicted","","","E(AB)","","72-73,76-77,101,103-105,107,131,133,147-149,154,246,309-311"
"4E8","Mutagenesis","Residue","DENV-4","34170.0","E","D2","100,101,108"
"4G2","Computational","Predicted","","","E(AC)","","101,103-105,107,145,147-149,158,178,307-311,325,355,359,364"
"4G2","Mutagenesis","Residue","DENV-1","Hawaii","E","D2","101,106,107,108"
"4G2","Mutagenesis","Residue","DENV-1","BC94/95","E","D3","106,107,310,311,364"
"4G2","Pepscan","Peptide","DENV-2","New Guinea C","E","D3","359"
"4G2","Pepscan","Peptide","DENV-2","New Guinea C","E","D3","101-109,349-359"
"4G2","Western blot","Domain","DENV-2","New Guinea C","E","D3","298-397"
"4G9","Yeast display","Domain","DENV-2","S-16803","E","D1/D2","1-297"
"4N23","Yeast display","Domain","DENV-2","S-16803","E","D1/D2","1-297"
"5A1","Computational","Predicted","","","E(AC)","","76,101,103-105,107,131,133,308-311"
"5A1","Pepscan","Peptide","DENV-1","Nauru/West Pac/1974","E","D3","309-320"
"5A1","Yeast display","Residue","DENV-2","unknown","E","D3","317"
"5A12","Computational","Predicted","","","E(AC)","","76,101,103-105,107,131,133,308-311"
"5A12","Pepscan","Peptide","DENV-1","Nauru/West Pac/1974","E","D3","309-320"
"5A12","Yeast display","Residue","DENV-2","unknown","E","D3","316,317"
"5A2","Computational","Predicted","","","E(AC)","","101,107,145,147,149,309-311,355"
"5A2","Mutagenesis","Residue","DENV-2","16681.0","E","D3","315,317,331"
"5A2","Pepscan","Domain","DENV-2","New Guinea C","E","D3","312-320"
"5A2","Western blot","Domain","DENV-2","New Guinea C","E","D3","304-332"
"5C30","Computational","Predicted","","","E(AC)","","76,101,103-105,107,131,133,308-311"
"5C30","Pepscan","Peptide","DENV-1","Nauru/West Pac/1974","E","D3","309-320"
"5C30","Yeast display","Residue","DENV-2","unknown","E","D3","316,317"
"5C36","Computational","Predicted","","","E(AC)","","299-300,303,305,307-308,325,327-332,359-362,383-387"
"5C36","Mutagenesis","Residue","DENV-2","New Guinea C","E","D3","301,305,383,384,329,332"
"5C8","Computational","Predicted","","","E(AB)","","72-73,76-77,101,103-105,107,131,133,147-149,154,246,308-311,364"
"5C8","Mutagenesis","Residue","DENV-4","34170.0","E","D2","101,108"
"5E7","Computational","Predicted","","","E(AC)","","76,101,103-105,107,131,133,308-311"
"5E7","Pepscan","Peptide","DENV-1","Nauru/West Pac/1974","E","D3","309-320"
"5E7","Yeast display","Residue","DENV-2","unknown","E","D3","317"
"5H2","Computational","Predicted","","","E(AB)","","157-158,160-161,163,165,168,170,172,174,176-177,180,290-291,293"
"5H2","Passaging","Residue","DENV-4","C6/36 and Frhl","E","D1","174,176"
"5H2","X-ray","Residue","DENV-4","814669.0","E","D1","160-163,168,170-174,176,177,179,180,291,293"
"5J20","Yeast display","Domain","DENV-3","CH-53489","E","D1/D2","1-297"
"5J22","Yeast display","Domain","DENV-2","S-16803","E","D1/D2","1-297"
"5J7","Computational","Predicted","","","E(AC)","","49,51-53,55,73,76-77,79,105,107,126,128,131,133,136,200,225,271,273,275,277,311"
"5J7","Cryo-em","Residue","DENV-3","DENV-3/SG/05K863DK1/2005","E","D1/D2/D3","50-55,58,73,74,101,106,123,126,128,130,131,133,134,148,196,198,200,201,223,224,227,274,276,307-309"
"5J7","Passaging","Residue","DENV-3","CH-53489","E","D1/D2","269-270"
"5J7","Yeast display","Domain","DENV-3","CH-53489","E","D1/D2","1-297"
"5K17","Computational","Predicted","","","E(AB)","","72-73,76-77,101,103-105,107,131,133,147-149,154,246,308-311,364"
"5K17","Mutagenesis","Residue","DENV-4","34170.0","E","D2","101,104,106"
"5M22","Computational","Predicted","","","E(AB)","","71-73,76-77,79,101,103-105,107,131,133,154,246-247,309-311"
"5M22","Mutagenesis","Residue","DENV-4","34170.0","E","D2","103,104,106,107,111"
"5M22","Yeast display","Domain","DENV-2","S-16803","E","D1/D2","1-297"
"6B2","Computational","Predicted","","","E(AC)","","51-52,77,101,105,107,131,133,136,165,167-168,307-311,325,364,387"
"6B2","Passaging","Residue","DENV-2","New Guinea C","E","D3","311"
"6B22","Yeast display","Domain","DENV-2","S-16803","E","D1/D2","1-297"
"6B6","Western blot","Domain","DENV-2","New Guinea C","E","D3","298-397"
"6B6C-1","Computational","Predicted","","","E(AB)","","51-53,72-73,76-77,101,103-105,107,131,133,309-311"
"6B6C-1","Mutagenesis","Residue","DENV-1","BC94/95","E","D3","106,107"
"6B6C-1","Western blot","Domain","DENV-2","New Guinea C","E","D1/D2","1-120"
"6K5","Yeast display","Domain","DENV-3","CH-53489","E","D1/D2","1-297"
"7C1","Western blot","Domain","DENV-2","New Guinea C","E","D1/D2","60-205"
"7D1","Western blot","Domain","DENV-2","New Guinea C","E","D3","298-397"
"7E1","Western blot","Domain","DENV-2","New Guinea C","E","D1/D2","60-205"
"8A1","Computational","Predicted","","","E(AC)","","299-300,303,305,307-309,325,327-332,355,359-362,364,383-387"
"8A1","Mutagenesis","Residue","DENV-3","CH53489","E","D3","301,302,304,326,327,328,330,361,380,382,386"
"8A1","Mutagenesis","Residue","DENV-3","InJ-16-82","E","D3","301,383"
"8C2","Western blot","Domain","DENV-2","New Guinea C","E","D2/D3","60-97,298-397"
"9A3D-8","Computational","Predicted","","","E(AC)","","300,303,305,307-309,325,327-332,359-362,364,383-387"
"9A3D-8","Mutagenesis","Residue","DENV-2","16681.0","E","D3","304,327"
"9A3D-8","Western blot","Domain","DENV-2","New Guinea C","E","D3","300-400"
"9B3","Computational","Predicted","","","E(AC)","","76,101,103-105,107,131,133,308-311"
"9B3","Pepscan","Peptide","DENV-1","Nauru/West Pac/1974","E","D3","309-320"
"9B3","Yeast display","Residue","DENV-2","unknown","E","D3","317"
"9D12","Computational","Predicted","","","E(AC)","","101,133,147-148,165,167-168,305,307-311,325,327,361-362,364,385-387"
"9D12","Mutagenesis","Residue","DENV-2","16681.0","E","D3","304,305,310,384"
"9D12","Mutagenesis","Residue","DENV-1","BC94/95","E","D3","106,107,310,311,364"
"9D12","Western blot","Domain","DENV-2","New Guinea C","E","D3","298-397"
"9F11","Computational","Predicted","","","E(AC)","","101,145,147,167-168,303,305,307-311,325,327,355,359,364,383,385-387"
"9F11","Mutagenesis","Residue","DENV-2","16681.0","E","D3","304,310,315,317,331,383,384"
"9F12","Computational","Predicted","","","E(AC)","","101,145,147-149,295,299-300,303,305,307-311,325,327-332,355,359-362,364,383,385-387"
"9F12","Mutagenesis","Residue","DENV-2","New Guinea C","E","D3","305,307,310,330"
"9F12","Mutagenesis","Residue","DENV-2","New Guinea C","E","D3","298-309,309-318,324-335"
"9F16","Computational","Predicted","","","E(AC)","","145,147,167-168,299-300,303,305,307-311,325,327-332,355,359-362,364,383-387"
"9F16","Mutagenesis","Residue","DENV-2","New Guinea C","E","D3","301,305,383,384,307,327,329"
"9F16","Mutagenesis","Residue","DENV-2","16681.0","E","D3","304,315,317,331,383,384"
"9F16","Mutagenesis","Residue","DENV-2","16681.0","E","D3","301,304,305,327,329,383,384"
"B11A11","Western blot","Domain","DENV-2","New Guinea C","E","D3","298-397"
"D1-M10","Computational","Predicted","","","E(AB)","","2,46-47,49,51,136,154,161,203-204,241,246-247,249,271,273-275,277,279"
"D1-M10","Passaging","Residue","DENV-1","Hawaii C6/36","E","D1/D2","279"
"D1-M10","Passaging","Residue","DENV-1","Hawaii","E","D1","279"
"D1-M17","Computational","Predicted","","","E(AB)","","145,172,174,176-177,180,290-291,293,295,298-299"
"D1-M17","Passaging","Residue","DENV-1","Hawaii","E","D1","293"
"D1-M17","Passaging","Residue","DENV-1","Hawaii C6/36","E","D1","293"
"D11C","Computational","Predicted","","","E(AB)","","72-73,76-77,101,103-105,107,131,133,147-149,154,246,309-311"
"D11C","Mutagenesis","Residue","DENV-3","H-78","E","D2","101,109"
"D29","Cryptic Peptide","Peptide","DENV-2","New Guinea C","E","D2","54-57,129-134,166,220,246-247"
"D29","Cryptic Peptide","Peptide","DENV-2","New Guinea C","PrM","PrM","54,56,58-59,61,67"
"D29","Mutagenesis","Residue","DENV-2","New Guinea C","E","D2","55,56,57,129,133-134"
"D29","Mutagenesis","Residue","DENV-2","New Guinea C","PrM","PrM","56,58,59"
"DA6-7","Computational","Predicted","","","E(AC)","","52,101,105,107,131,133,165,167-168,170,307-311,325,364,386-387"
"DA6-7","Mutagenesis","Residue","DENV-1","Hawaii","E","D3","307,310,391"
"DEN1-2","Computational","Predicted","","","E(AC)","","298-300,303,305,307,325,327-332,359,361,383-387"
"DEN1-2","Mutagenesis","Residue","DENV-1","Hawaii","E","D3","300,303,329,383"
"DEN1-3","Computational","Predicted","","","E(AC)","","299-300,303,305,307,325,327-332,359,361,383-387"
"DEN1-3","Mutagenesis","Residue","DENV-1","Hawaii","E","D3","303,329,383"
"DEN2-12","Computational","Predicted","","","E(AB)","","72-73,76-77,101,103-105,107,131,133,147-149,154,246,308-311,364"
"DEN2-12","Mutagenesis","Residue","DENV-1","Hawaii","E","D2","101,108"
"DEN2-9","Mutagenesis","Residue","DENV-1","Hawaii","E","D2","217,265"
"DEN3-3","Computational","Predicted","","","E(AB)","","62,79,123-124,126,200,220,232,252,257"
"DEN3-3","Mutagenesis","Residue","DENV-1","Hawaii","E","D2","217"
"DEN3-4","Computational","Predicted","","","E(AC)","","101,107,131,133,165,167-168,170,308-311,386-387"
"DEN3-4","Mutagenesis","Residue","DENV-1","Hawaii","E","D3","389-391"
"DEN4-4","Computational","Predicted","","","E(AB)","","79,126,128,220,232"
"DEN4-4","Mutagenesis","Residue","DENV-1","Hawaii","E","D2","211,215,217"
"DENV1-E100","Computational","Predicted","","","E(AC)","","145,147-149,295,299-300,303,305,307-311,325,327-332,355,359-362,364,383,385-387"
"DENV1-E100","Mutagenesis","Residue","DENV-1","16007.0","E","D3","300,301,305,307,310,324,329,330,332,361,362,370,393"
"DENV1-E101","Computational","Predicted","","","E(AC)","","298-300,303,305,307,325,327-332,359-362,364,383,386"
"DENV1-E101","Mutagenesis","Residue","DENV-1","16007.0","E","D3","303,328-330,332"
"DENV1-E102","Computational","Predicted","","","E(AC)","","145,147,178,295,298-300,303,305,307,325,327-332,355,359-362,364,383"
"DENV1-E102","Mutagenesis","Residue","DENV-1","16007.0","E","D3","299-301,324,328,330,332,334"
"DENV1-E103","Computational","Predicted","","","E(AC)","","298-300,303,305,307,325,327-332,359-362,364,383,386"
"DENV1-E103","Mutagenesis","Residue","DENV-1","16007.0","E","D3","303,328-330,332"
"DENV1-E104","Computational","Predicted","","","E(AC)","","101,107,133,145,147,165,167-168,170,305,307-311,325,327,364,385-387"
"DENV1-E104","Mutagenesis","Residue","DENV-1","16007.0","E","D3","310,311,328,330,361,362,375,385,390,391,393"
"DENV1-E105","Computational","Predicted","","","E(AC)","","145,147-148,167-168,303,305,307-311,325,327-332,355,359-362,364,383-387"
"DENV1-E105","Mutagenesis","Residue","DENV-1","16007.0","E","D3","307,310,324,329,330,332,343,361,362,364,390"
"DENV1-E106","Computational","Predicted","","","E(AC)","","147-148,300,303,305,307-310,325,327-332,359-362,364,383-387"
"DENV1-E106","Mutagenesis","Residue","DENV-1","16007.0","E","D3","310,328-330,332,361,362,364,384,385"
"DENV1-E106","X-ray","Residue","DENV-1","16007.0","E","D3","307,309,310,325,327-330,361,362,364"
"DENV1-E108","Computational","Predicted","","","E(AC)","","101,107,131,133,165,167-168,308-311,387"
"DENV1-E108","Mutagenesis","Residue","DENV-1","16007.0","E","D3","311,370,390"
"DENV1-E111","Mutagenesis","Residue","DENV-1","16007.0","E","D3","299,301,303,309,310,332,334,340,343,364,390,404"
"DENV1-E111","X-ray","Residue","DENV-1","16007.0","E","D3","300-301,334-351,372,379,382-384"
"DENV1-E111","X-ray","Residue","DENV-1","Nauru/West Pac/1974","E","D3","299-302,334-351,379,382-384,386,388"
"DENV1-E112","Computational","Predicted","","","E(AC)","","101,107,131,133,165,167-168,170,308,310-311,387"
"DENV1-E112","Mutagenesis","Residue","DENV-1","16007.0","E","D3","390,391"
"DENV1-E113","Computational","Predicted","","","E(AC)","","145,147-148,178,295,298-300,303,305,307-308,325,327-332,355,359-362,364,383,386-387"
"DENV1-E113","Mutagenesis","Residue","DENV-1","16007.0","E","D3","299-301,310,324,328,332,334,356"
"DENV1-E90","Computational","Predicted","","","E(AC)","","147-148,299-300,303,305,307-309,325,327-332,355,359-362,364,383-387"
"DENV1-E90","Mutagenesis","Residue","DENV-1","16007.0","E","D3","300,303,307,309,328,332"
"DENV1-E95","Computational","Predicted","","","E(AC)","","101,107,131,133,165,167-168,170,308,310-311,387"
"DENV1-E95","Mutagenesis","Residue","DENV-1","16007.0","E","D3","390,391"
"DENV1-E98","Computational","Predicted","","","E(AC)","","101,133,165,167-168,170,307-311,325,385-387"
"DENV1-E98","Mutagenesis","Residue","DENV-1","16007.0","E","D3","301,310,375,390"
"DENV1-E99","Computational","Predicted","","","E(AC)","","52,101,105,107,131,133,147-148,165,167-168,305,307-311,325,327,364,386-387"
"DENV1-E99","Mutagenesis","Residue","DENV-1","16007.0","E","D3","307,309-311"
"DENV3-E1","Computational","Predicted","","","E(AC)","","168,170,385-387"
"DENV3-E1","Mutagenesis","Residue","DENV-3","16652.0","E","D3","340"
"DENV3-E1","Yeast display","Domain","DENV-3","16652.0","E","D3","298-397"
"DENV3-E10","Yeast display","Domain","DENV-3","16652.0","E","D1/D2","1-292"
"DENV3-E11","Yeast display","Domain","DENV-3","16652.0","E","D1/D2","1-292"
"DENV3-E12","Yeast display","Domain","DENV-3","16652.0","E","D1/D2","1-292"
"DENV3-E13","Yeast display","Domain","DENV-3","16652.0","E","D1/D2","1-292"
"DENV3-E15","Yeast display","Domain","DENV-3","16652.0","E","D1/D2","1-292"
"DENV3-E16","Yeast display","Domain","DENV-3","16652.0","E","D1/D2","1-292"
"DENV3-E17","Yeast display","Domain","DENV-3","16652.0","E","D1/D2","1-292"
"DENV3-E18","Yeast display","Domain","DENV-3","16652.0","E","D1/D2","1-292"
"DENV3-E19","Yeast display","Domain","DENV-3","16652.0","E","D1/D2","1-292"
"DENV3-E2","Yeast display","Domain","DENV-3","16652.0","E","D1/D2","1-292"
"DENV3-E22","Yeast display","Domain","DENV-3","16652.0","E","D3","293-409"
"DENV3-E25","Yeast display","Domain","DENV-3","16652.0","E","D1/D2","1-292"
"DENV3-E26","Yeast display","Domain","DENV-3","16652.0","E","D1/D2","1-292"
"DENV3-E27","Yeast display","Domain","DENV-3","16652.0","E","D1/D2","1-292"
"DENV3-E28","Yeast display","Domain","DENV-3","16652.0","E","D1/D2","1-292"
"DENV3-E29","Yeast display","Domain","DENV-3","16652.0","E","D1/D2","1-292"
"DENV3-E3","Yeast display","Domain","DENV-3","16652.0","E","D1/D2","1-292"
"DENV3-E30","Yeast display","Domain","DENV-3","16652.0","E","D1/D2","1-292"
"DENV3-E31","Yeast display","Domain","DENV-3","16652.0","E","D1/D2","1-292"
"DENV3-E32","Yeast display","Domain","DENV-3","16652.0","E","D1/D2","1-292"
"DENV3-E33","Yeast display","Domain","DENV-3","16652.0","E","D1/D2","1-292"
"DENV3-E35","Yeast display","Domain","DENV-3","16652.0","E","D1/D2","1-292"
"DENV3-E36","Yeast display","Domain","DENV-3","16652.0","E","D1/D2","1-292"
"DENV3-E37","Yeast display","Domain","DENV-3","16652.0","E","D1/D2","1-292"
"DENV3-E4","Yeast display","Domain","DENV-3","16652.0","E","D1/D2","1-292"
"DENV3-E47","Computational","Predicted","","","E(AC)","","299-300,303,305,307-309,325,327-332,359-362,364,383-387"
"DENV3-E47","Mutagenesis","Residue","DENV-3","16652.0","E","D3","302,306,328,329,330,385"
"DENV3-E47","Yeast display","Domain","DENV-3","16652.0","E","D3","293-409"
"DENV3-E48","Computational","Predicted","","","E(AC)","","299-300,303,305,307-309,325,327-332,359-362,364,383-387"
"DENV3-E48","Mutagenesis","Residue","DENV-3","16652.0","E","D3","306,328,329,330,385,386"
"DENV3-E48","Yeast display","Domain","DENV-3","16652.0","E","D3","293-409"
"DENV3-E49","Computational","Predicted","","","E(AC)","","168,170,300,303,305,307-309,325,327-332,359-362,364,383-387"
"DENV3-E49","Mutagenesis","Residue","DENV-3","16652.0","E","D3","306,328,330,385,386"
"DENV3-E49","Yeast display","Domain","DENV-3","16652.0","E","D3","293-409"
"DENV3-E5","Yeast display","Domain","DENV-3","16652.0","E","D1/D2","1-292"
"DENV3-E50","Computational","Predicted","","","E(AC)","","299-300,303,305,307-308,325,327-332,359-362,364,383-387"
"DENV3-E50","Mutagenesis","Residue","DENV-3","16652.0","E","D3","328,329,330,386"
"DENV3-E50","Mutagenesis","Residue","DENV-3","16652.0","E","D3","328-330,386"
"DENV3-E50","Yeast display","Domain","DENV-3","16652.0","E","D3","293-409"
"DENV3-E51","Computational","Predicted","","","E(AC)","","299-300,303,305,307-309,325,327-332,359-362,364,383-387"
"DENV3-E51","Mutagenesis","Residue","DENV-3","UNC3043","E","D3","306,328-330,385-386"
"DENV3-E51","Yeast display","Domain","DENV-3","16652.0","E","D3","293-409"
"DENV3-E53","Computational","Predicted","","","E(AC)","","299-300,303,305,307-309,325,327-332,359-362,364,383-387"
"DENV3-E53","Mutagenesis","Residue","DENV-3","16652.0","E","D3","302,306,328,329,330,385,386"
"DENV3-E53","Yeast display","Domain","DENV-3","16652.0","E","D3","293-409"
"DENV3-E54","Computational","Predicted","","","E(AC)","","299-300,303,305,307-309,325,327-332,359-362,364,383-387"
"DENV3-E54","Mutagenesis","Residue","DENV-3","16652.0","E","D3","306,328,329,330,386"
"DENV3-E54","Yeast display","Domain","DENV-3","16652.0","E","D3","293-409"
"DENV3-E56","Computational","Predicted","","","E(AC)","","299-300,303,305,307-309,325,327-332,359-362,364,383-387"
"DENV3-E56","Mutagenesis","Residue","DENV-3","16652.0","E","D3","306,328,329,330,385"
"DENV3-E56","Yeast display","Domain","DENV-3","16652.0","E","D3","293-409"
"DENV3-E57","Computational","Predicted","","","E(AC)","","299-300,303,305,307-309,325,327-332,359-362,364,383-387"
"DENV3-E57","Mutagenesis","Residue","DENV-3","16652.0","E","D3","306,328,329,330,385,386"
"DENV3-E57","Yeast display","Domain","DENV-3","16652.0","E","D3","293-409"
"DENV3-E58","Computational","Predicted","","","E(AC)","","299-300,303,305,307-309,325,327-332,359-362,364,383-387"
"DENV3-E58","Mutagenesis","Residue","DENV-3","16652.0","E","D3","302,306,328,329,330,385"
"DENV3-E58","Yeast display","Domain","DENV-3","16652.0","E","D3","293-409"
"DENV3-E59","Computational","Predicted","","","E(AC)","","300,303,305,307-309,325,327-332,359-362,364,383-387"
"DENV3-E59","Mutagenesis","Residue","DENV-3","16652.0","E","D3","306,325,328,329,330,385,386"
"DENV3-E59","Yeast display","Domain","DENV-3","16652.0","E","D3","293-409"
"DENV3-E6","Yeast display","Domain","DENV-3","16652.0","E","D1/D2","1-292"
"DENV3-E60","Computational","Predicted","","","E(AC)","","299-300,303,305,307-309,325,327-332,359-362,364,383-387"
"DENV3-E60","Mutagenesis","Residue","DENV-3","16652.0","E","D3","306,328,329,330,385,386"
"DENV3-E60","Yeast display","Domain","DENV-3","16652.0","E","D3","293-409"
"DENV3-E61","Computational","Predicted","","","E(AC)","","101,147,165,167-168,170,303,305,307-311,325,327-329,359,361-362,364,383-387"
"DENV3-E61","Mutagenesis","Residue","DENV-3","16652.0","E","D3","306,308,309,325,328,329,330,385,389,391"
"DENV3-E61","Yeast display","Domain","DENV-3","16652.0","E","D3","293-409"
"DENV3-E62","Computational","Predicted","","","E(AC)","","299-300,303,305,307-309,325,327-332,359-362,364,383-387"
"DENV3-E62","Mutagenesis","Residue","DENV-3","16652.0","E","D3","306,328,329,330,385,386"
"DENV3-E62","Yeast display","Domain","DENV-3","16652.0","E","D3","293-409"
"DENV3-E63","Computational","Predicted","","","E(AC)","","300,303,305,307-309,325,327-332,359-362,364,383-387"
"DENV3-E63","Mutagenesis","Residue","DENV-3","16652.0","E","D3","306,325,328,329,330,385,386"
"DENV3-E63","Yeast display","Domain","DENV-3","16652.0","E","D3","293-409"
"DENV3-E64","Computational","Predicted","","","E(AC)","","299-300,303,305,307-309,325,327-332,359-362,364,383-387"
"DENV3-E64","Mutagenesis","Residue","DENV-3","16652.0","E","D3","302,306,325,328,329,330,385,386"
"DENV3-E64","Yeast display","Domain","DENV-3","16652.0","E","D3","293-409"
"DENV3-E65","Yeast display","Domain","DENV-3","16652.0","E","D3","293-409"
"DENV3-E67","Computational","Predicted","","","E(AC)","","299-300,303,305,307-309,325,327-332,359-362,364,383-387"
"DENV3-E67","Mutagenesis","Residue","DENV-3","16652.0","E","D3","306,328,329,330,386"
"DENV3-E67","Mutagenesis","Residue","DENV-3","UNC3043","E","D3","306,328-330,385-386"
"DENV3-E67","Yeast display","Domain","DENV-3","16652.0","E","D3","293-409"
"DENV3-E69","Yeast display","Domain","DENV-3","16652.0","E","D3","293-409"
"DENV3-E7","Yeast display","Domain","DENV-3","16652.0","E","D1/D2","1-292"
"DENV3-E77","Computational","Predicted","","","E(AC)","","299-300,303,305,307-309,325,327-332,359-362,364,383-387"
"DENV3-E77","Mutagenesis","Residue","DENV-3","16652.0","E","D3","306,329,330,385"
"DENV3-E77","Yeast display","Domain","DENV-3","16652.0","E","D3","293-409"
"DENV3-E79","Yeast display","Domain","DENV-3","16652.0","E","D3","293-409"
"DENV3-E8","Yeast display","Domain","DENV-3","16652.0","E","D3","293-409"
"DENV3-E84","Computational","Predicted","","","E(AC)","","165,167-168,170,303,305,307-311,325,327-329,359,361,364,383-387"
"DENV3-E84","Mutagenesis","Residue","DENV-3","16652.0","E","D3","305,306,309,328,329,330,340,385,386,389,391"
"DENV3-E84","Yeast display","Domain","DENV-3","16652.0","E","D3","293-409"
"DENV3-E86","Yeast display","Domain","DENV-3","16652.0","E","D3","293-409"
"DENV3-E9","Yeast display","Domain","DENV-3","16652.0","E","D1/D2","1-292"
"DENV3-E91","Yeast display","Domain","DENV-3","16652.0","E","D3","293-409"
"DENV3-E95","Yeast display","Domain","DENV-3","16652.0","E","D3","293-409"
"DENV3-E97","Computational","Predicted","","","E(AC)","","167-168,170,300,303,305,307-310,325,327-332,359,361-362,364,383-387"
"DENV3-E97","Mutagenesis","Residue","DENV-3","16652.0","E","D3","305,306,328,329,330,340,385,389"
"DENV3-E97","Yeast display","Domain","DENV-3","16652.0","E","D3","293-409"
"DENV3-E98","Computational","Predicted","","","E(AC)","","300,303,305,307-309,325,327-332,359-362,364,383-387"
"DENV3-E98","Mutagenesis","Residue","DENV-3","16652.0","E","D3","306,328,329,330,385,389"
"DENV3-E98","Yeast display","Domain","DENV-3","16652.0","E","D3","293-409"
"DV1.1","Yeast display","Domain","DENV-2","New Guinea C","E","D1/D2","1-293"
"DV1.6","Yeast display","Domain","DENV-2","New Guinea C","E","D3","294-409"
"DV10.16","Computational","Predicted","","","E(AC)","","52,101,107,133,147-148,165,167-168,305,307-311,325,327,361-362,364,386-387"
"DV10.16","Mutagenesis","Residue","DENV-2","S-16803","E","D3","305,310,311"
"DV10.16","Yeast display","Domain","DENV-2","New Guinea C","E","D3","294-409"
"DV13.4","Yeast display","Domain","DENV-2","New Guinea C","E","D1/D2","1-293"
"DV13.8","Yeast display","Domain","DENV-2","New Guinea C","E","D1/D2","1-293"
"DV14.21","Computational","Predicted","","","E(AC)","","101,147-148,167-168,303,305,307-311,325,327-329,359-362,364,383-387"
"DV14.21","Mutagenesis","Residue","DENV-2","S-16803","E","D3","304,305,307,310"
"DV14.5.13","Yeast display","Domain","DENV-2","New Guinea C","E","D1/D2","1-293"
"DV14.5.92","Yeast display","Domain","DENV-2","New Guinea C","E","D3","294-409"
"DV143.6","Yeast display","Domain","DENV-2","New Guinea C","E","D1/D2","1-293"
"DV15.7","Yeast display","Domain","DENV-2","New Guinea C","E","D1/D2","1-293"
"DV16.5","Yeast display","Domain","DENV-2","New Guinea C","E","D1/D2","1-293"
"DV16.8","Yeast display","Domain","DENV-2","New Guinea C","E","D1/D2","1-293"
"DV163.3","Yeast display","Domain","DENV-2","New Guinea C","E","D1/D2","1-293"
"DV17.6","Yeast display","Domain","DENV-2","New Guinea C","E","D1/D2","1-293"
"DV18.21","Yeast display","Domain","DENV-2","New Guinea C","E","D1/D2","1-293"
"DV18.4","Yeast display","Domain","DENV-2","New Guinea C","E","D1/D2","1-293"
"DV19.3","Yeast display","Domain","DENV-2","New Guinea C","E","D1/D2","1-293"
"DV2-104","Computational","Predicted","","","E(AC)","","170,385-387"
"DV2-104","Mutagenesis","Residue","DENV-2","16681.0","E","D3","336,340,346"
"DV2-104","Yeast display","Domain","DENV-2","16681.0","E","D3","293-409"
"DV2-106","Computational","Predicted","","","E(AC)","","101,145,147-148,167-168,303,305,307-311,325,327-332,359-362,364,383-387"
"DV2-106","Mutagenesis","Residue","DENV-2","16681.0","E","D3","303,305,307,309,327,330,367,389"
"DV2-106","Mutagenesis","Residue","DENV-2","16681.0","E","D3","303,305,307,323,389"
"DV2-106","Yeast display","Domain","DENV-2","16681.0","E","D3","293-409"
"DV2-29","Mutagenesis","Residue","DENV-2","16681.0","E","D1/D2","101,106,107"
"DV2-29","Yeast display","Domain","DENV-2","16681.0","E","D1/D2","1-292"
"DV2-30","Computational","Predicted","","","E(AB)","","69-73,76-77,79,81,94,101,103-105,107,131,246-247,249"
"DV2-30","Mutagenesis","Residue","DENV-2","16681.0","E","D1/D2","55,71,107,244"
"DV2-30","Mutagenesis","Residue","DENV-2","16681.0","E","D2","55,71,107,244"
"DV2-30","Yeast display","Domain","DENV-2","16681.0","E","D1/D2","1-292"
"DV2-40","Computational","Predicted","","","E(AB)","","55,69-73,76-77,79,81,83-84,87-90,92,94,121,124,126,220,225-227,232"
"DV2-40","Mutagenesis","Residue","DENV-2","16681.0","E","D1/D2","55,71,88,233"
"DV2-40","Yeast display","Domain","DENV-2","16681.0","E","D1/D2","1-292"
"DV2-44","Computational","Predicted","","","E(AB)","","64-66,79,81,83-90,92-94,118,120-121,220,225,227,232-233"
"DV2-44","Mutagenesis","Residue","DENV-2","16681.0","E","D1/D2","88,233"
"DV2-44","Yeast display","Domain","DENV-2","16681.0","E","D1/D2","1-292"
"DV2-46","Mutagenesis","Residue","DENV-2","16681.0","E","D1/D2","233"
"DV2-46","Yeast display","Domain","DENV-2","16681.0","E","D1/D2","1-292"
"DV2-48","Computational","Predicted","","","E(AB)","","145,147,157-158,160,172,174,176-177,180,290-291,293,295,298-299,359"
"DV2-48","Mutagenesis","Residue","DENV-2","16681.0","E","D1/D2","177"
"DV2-48","Yeast display","Domain","DENV-2","16681.0","E","D1/D2","1-292"
"DV2-51","Computational","Predicted","","","E(AB)","","163,165,167-168,170,172,180,290-291,385-387"
"DV2-51","Mutagenesis","Residue","DENV-2","16681.0","E","D1/D2","184"
"DV2-51","Yeast display","Domain","DENV-2","16681.0","E","D1/D2","1-292"
"DV2-52","Computational","Predicted","","","E(AB)","","72-73,76-77,101,103-105,107,131,133,147-149,308-311,364"
"DV2-52","Mutagenesis","Residue","DENV-2","16681.0","E","D1/D2","101,107"
"DV2-52","Yeast display","Domain","DENV-2","16681.0","E","D1/D2","1-292"
"DV2-58","Computational","Predicted","","","E(C)","","37-38,55,58,84-86,88-89,92,120-121,177-178,222,224,226-227,229,290-291,293,295,298-300,354-355"
"DV2-58","Mutagenesis","Residue","DENV-2","16681.0","E","D1/D2","55,71,88,184,233"
"DV2-58","Yeast display","Domain","DENV-2","16681.0","E","D1/D2","1-292"
"DV2-67","Computational","Predicted","","","E(AC)","","51-52,170,172,385-387"
"DV2-67","Mutagenesis","Residue","DENV-2","16681.0","E","D3","196,291,307"
"DV2-67","Yeast display","Domain","DENV-2","16681.0","E","D3","293-409"
"DV2-70","Computational","Predicted","","","E(AC)","","147,167-168,303,305,307-311,325,327-332,359-362,364,383-387"
"DV2-70","Mutagenesis","Residue","DENV-2","16681.0","E","D3","303,305,307,309,327,330,389"
"DV2-70","Yeast display","Domain","DENV-2","16681.0","E","D3","293-409"
"DV2-73","Computational","Predicted","","","E(AC)","","170,385-387"
"DV2-73","Mutagenesis","Residue","DENV-2","16681.0","E","D3","336,340,346"
"DV2-73","Yeast display","Domain","DENV-2","16681.0","E","D3","293-409"
"DV2-76","Computational","Predicted","","","E(AC)","","101,147-148,167-168,303,305,307-311,325,327-329,359-362,364,385-387"
"DV2-76","Mutagenesis","Residue","DENV-2","16681.0","E","D3","305,307,309,310,327"
"DV2-76","Yeast display","Domain","DENV-2","16681.0","E","D3","293-409"
"DV2-77","Computational","Predicted","","","E(AC)","","170,385-387"
"DV2-77","Mutagenesis","Residue","DENV-2","16681.0","E","D3","336,340,346"
"DV2-77","Yeast display","Domain","DENV-2","16681.0","E","D3","293-409"
"DV2-87","Computational","Predicted","","","E(AC)","","170,385-387"
"DV2-87","Mutagenesis","Residue","DENV-2","16681.0","E","D3","336,340,346"
"DV2-87","Yeast display","Domain","DENV-2","16681.0","E","D3","293-409"
"DV2-96","Computational","Predicted","","","E(AC)","","167-168,170,303,305,307-311,325,327-331,359-362,364,383-387"
"DV2-96","Mutagenesis","Residue","DENV-2","16681.0","E","D3","303,305,307,309,327,389"
"DV2-96","Yeast display","Domain","DENV-2","16681.0","E","D3","293-409"
"DV20.1","Yeast display","Domain","DENV-2","New Guinea C","E","D1/D2","1-293"
"DV21.1","Yeast display","Domain","DENV-2","New Guinea C","E","D1/D2","1-293"
"DV21.5","Computational","Predicted","","","E(AC)","","101,105,107,133,145,147-149,167-168,307-311,325,364,387"
"DV21.5","Mutagenesis","Residue","DENV-2","S-16803","E","D3","305,310,317"
"DV21.5","Yeast display","Domain","DENV-2","New Guinea C","E","D3","294-409"
"DV22.3","Yeast display","Domain","DENV-2","New Guinea C","E","D1/D2","1-293"
"DV23.13","Yeast display","Domain","DENV-2","New Guinea C","E","D1/D2","1-293"
"DV25.5","Computational","Predicted","","","E(AC)","","299-300,303,305,307-308,325,327-332,359-362,383-387"
"DV25.5","Mutagenesis","Residue","DENV-2","S-16803","E","D3","303-304,307,329-330,383-384"
"DV25.5","Yeast display","Domain","DENV-2","New Guinea C","E","D3","294-409"
"DV257.13","Yeast display","Domain","DENV-2","New Guinea C","E","D3","294-409"
"DV27.2","Yeast display","Domain","DENV-2","New Guinea C","PrM","PrM","1-166"
"DV28.1","Yeast display","Domain","DENV-2","New Guinea C","E","D1/D2","1-293"
"DV28.8","Yeast display","Domain","DENV-2","New Guinea C","E","D1/D2","1-293"
"DV291.3","Yeast display","Domain","DENV-2","New Guinea C","E","D1/D2","1-293"
"DV291.7","Yeast display","Domain","DENV-2","New Guinea C","E","D3","294-409"
"DV3.7","Computational","Predicted","","","E(AC)","","167-168,170,172,303,305,307-310,325,327-329,361,383-387"
"DV3.7","Mutagenesis","Residue","DENV-2","S-16803","E","D3","307,382,384"
"DV3.7","Yeast display","Domain","DENV-2","New Guinea C","E","D3","294-409"
"DV35.3","Yeast display","Domain","DENV-2","New Guinea C","E","D1/D2","1-293"
"DV378.12","Yeast display","Domain","DENV-2","New Guinea C","E","D1/D2","1-293"
"DV38.1","Yeast display","Domain","DENV-2","New Guinea C","E","D1/D2","1-293"
"DV4.4","Yeast display","Domain","DENV-2","New Guinea C","E","D1/D2","1-293"
"DV415.8","Yeast display","Domain","DENV-2","New Guinea C","E","D3","294-409"
"DV470.12","Yeast display","Domain","DENV-2","New Guinea C","E","D3","294-409"
"DV5.1","Yeast display","Domain","DENV-2","New Guinea C","E","D1/D2","1-293"
"DV51.6","Yeast display","Domain","DENV-2","New Guinea C","NS1","NS1","1-352"
"DV52.1","Yeast display","Domain","DENV-2","New Guinea C","PrM","PrM","1-166"
"DV53.4","Yeast display","Domain","DENV-2","New Guinea C","NS1","NS1","1-352"
"DV54.7","Yeast display","Domain","DENV-2","New Guinea C","NS1","NS1","1-352"
"DV55.1","Yeast display","Domain","DENV-2","New Guinea C","E","D3","294-409"
"DV56.12","Yeast display","Domain","DENV-2","New Guinea C","NS1","NS1","1-352"
"DV59.3","Yeast display","Domain","DENV-2","New Guinea C","NS1","NS1","1-352"
"DV6.1","Yeast display","Domain","DENV-2","New Guinea C","E","D1/D2","1-293"
"DV60.3","Yeast display","Domain","DENV-2","New Guinea C","NS1","NS1","1-352"
"DV62.5","Yeast display","Domain","DENV-2","New Guinea C","PrM","PrM","1-166"
"DV63.1","Yeast display","Domain","DENV-2","New Guinea C","E","D3","294-409"
"DV64.3","Yeast display","Domain","DENV-2","New Guinea C","PrM","PrM","1-166"
"DV65.5","Yeast display","Domain","DENV-2","New Guinea C","NS3","NS3","1-618"
"DV66.1","Yeast display","Domain","DENV-2","New Guinea C","E","D1/D2","1-293"
"DV67.9","Yeast display","Domain","DENV-2","New Guinea C","NS3","NS3","1-618"
"DV68.2","Yeast display","Domain","DENV-2","New Guinea C","NS3","NS3","1-618"
"DV69.6","Yeast display","Domain","DENV-2","New Guinea C","PrM","PrM","1-166"
"DV7.5","Yeast display","Domain","DENV-2","New Guinea C","E","D1/D2","1-293"
"DV70.1","Yeast display","Domain","DENV-2","New Guinea C","NS1","NS1","1-352"
"DV71.1","Yeast display","Domain","DENV-2","New Guinea C","NS3","NS3","1-618"
"DV74.4","Yeast display","Domain","DENV-2","New Guinea C","E","D1/D2","1-293"
"DV75.9","Yeast display","Domain","DENV-2","New Guinea C","PrM","PrM","1-166"
"DV76.5","Yeast display","Domain","DENV-2","New Guinea C","E","D1/D2","1-293"
"DV78.6","Yeast display","Domain","DENV-2","New Guinea C","E","D1/D2","1-293"
"DV79.3","Yeast display","Domain","DENV-2","New Guinea C","E","D1/D2","1-293"
"DV8.1","Yeast display","Domain","DENV-2","New Guinea C","E","D1/D2","1-293"
"DV82.11","Yeast display","Domain","DENV-2","New Guinea C","E","D1/D2","1-293"
"DV87.1","Yeast display","Domain","DENV-2","New Guinea C","E","D3","294-409"
"DV90.3","Yeast display","Domain","DENV-2","New Guinea C","E","D1/D2","1-293"
"E2A10","Western blot","Peptide","DENV-2","New Guinea C","E","D1","22-58"
"EDE1-(2)A2","Mutagenesis","Residue","DENV-1","unknown","E","D2/D3","49,64,77,101,122,134,161,162,169,200,202,203,323,391,392"
"EDE1-(2)A5","Mutagenesis","Residue","DENV-1","unknown","E","D2/D3","49,64,77,101,122,161,162,169,200,202,203,307,310,391,392"
"EDE1-(2)A7","Mutagenesis","Residue","DENV-1","unknown","E","D2/D3","49,64,77,101,122,134,161,162,169,200,202,203,310,323,391,392"
"EDE1-(2)A8","Mutagenesis","Residue","DENV-1","unknown","E","D2/D3","49,58,64,77,101,122,134,161,162,169,200,202,203,278,307,308,310,323,391,392"
"EDE1-(2)B10","Mutagenesis","Residue","DENV-1","unknown","E","D2/D3","49,64,77,101,122,134,161,162,169,200,202,203,310,323,391,392"
"EDE1-(2)B11","Computational","Predicted","","","E(AC)","","47,49,51-53,76-77,107,128,131,133,136,163,165,167-168,275,277,308-311"
"EDE1-(2)B11","Mutagenesis","Residue","DENV-1","unknown","E","D2/D3","49,77,101,161,162,200,391,392"
"EDE1-(2)C2","Mutagenesis","Residue","DENV-1","unknown","E","D2/D3","49,64,77,101,134,161,162,169,200,202,203,310,323,391,392"
"EDE1-(2)D4","Mutagenesis","Residue","DENV-1","unknown","E","D2/D3","49,64,77,101,134,161,162,169,200,202,203,323,391,392"
"EDE1-(3)B10","Mutagenesis","Residue","DENV-1","unknown","E","D2/D3","49,64,77,101,122,134,161,162,200,202,274,308,323,391,392"
"EDE1-(3)C10","Mutagenesis","Residue","DENV-1","unknown","E","D2/D3","49,64,77,101,122,134,161,162,200,202,203,310,323,391,392"
"EDE1-(3)C10","X-ray","Residue","DENV-2","Recombinant DENV-2 FGA02 sE (1-395)","E","D2/D3","2,27-29,44-47,67-74,77,81-84,97-100,101-107,113,115,246-249,273-274,309-310,323,325,362"
"EDE1-(4)B3","Mutagenesis","Residue","DENV-1","unknown","E","D2/D3","49,64,77,101,122,161,162,169,200,202,203,307,310,323,391,392"
"EDE1-2A2","Mutagenesis","Residue","DENV-1","unknown","E","D2/D3","49,64,77,101,122,134,161,162,169,200,202,203,310,323,391,392"
"EDE1-2A4","Mutagenesis","Residue","DENV-1","unknown","E","D2/D3","49,64,77,101,122,134,161,162,169,200,202,203,274,307,310,323,391,392"
"EDE1-2A5","Computational","Predicted","","","E(AC)","","47,49,51-53,55,76-77,101,107,128,131,133,136,163,165,167-168,275,277,308-311"
"EDE1-2A5","Mutagenesis","Residue","DENV-1","unknown","E","D2/D3","49,77,101,161,162,200,203,323,391,392"
"EDE1-2A9","Mutagenesis","Residue","DENV-1","unknown","E","D2/D3","49,64,77,101,134,161,162,200,203,274,295,308,323,391,392"
"EDE1-2B11","Mutagenesis","Residue","DENV-1","unknown","E","D2/D3","49,64,77,101,134,161,162,200,202,203,310,323,391,392"
"EDE1-2B2","Mutagenesis","Residue","DENV-1","unknown","E","D2/D3","49,64,77,101,134,161,162,200,202,203,310,323,391,392"
"EDE1-2B3","Mutagenesis","Residue","DENV-1","unknown","E","D2/D3","49,64,77,101,122,134,161,162,200,202,203,274,308,323,391,392"
"EDE1-2B4","Mutagenesis","Residue","DENV-1","unknown","E","D2/D3","49,64,77,101,122,134,161,162,200,202,203,308,310,323,391,392"
"EDE1-2B7","Computational","Predicted","","","E(AC)","","47,49,51-53,55,76-77,101,107,128,131,133,136,163,165,167-168,275,277,308-311"
"EDE1-2B7","Mutagenesis","Residue","DENV-1","unknown","E","D2/D3","49,77,101,134,161,162,200,203,323,391,392"
"EDE1-2C4","Mutagenesis","Residue","DENV-1","unknown","E","D2/D3","49,64,77,101,122,134,161,162,200,202,203,308,310,323,391,392"
"EDE1-2C8","Mutagenesis","Residue","DENV-1","unknown","E","D2/D3","49,77,101,134,161,162,200,203,323,391,392"
"EDE1-2C8","X-ray","Residue","DENV-2","Recombinant DENV-2 FGA02 sE (1-395)","E","D2/D3","67-74,77,83-84,98-100,102-107,113,158,245-248,273-274,310-311"
"EDE1-A12","Mutagenesis","Residue","DENV-1","unknown","E","D2/D3","49,64,77,101,122,134,161,162,169,200,202,203,323,391,392"
"EDE1-B10","Mutagenesis","Residue","DENV-1","unknown","E","D2/D3","49,64,77,101,122,134,161,162,169,200,202,203,308,323,391,392"
"EDE1-B11","Mutagenesis","Residue","DENV-1","unknown","E","D2/D3","49,64,77,101,134,161,162,169,200,202,203,323,391,392"
"EDE1-C9","Mutagenesis","Residue","DENV-1","unknown","E","D2/D3","49,64,77,101,122,134,161,162,169,200,202,203,310,323,391,392"
"EDE1-P6A1","Computational","Predicted","","","E(AC)","","47,49,51-53,55,76-77,101,107,128,131,133,136,163,165,167-168,275,277,308-311"
"EDE1-P6A1","Mutagenesis","Residue","DENV-1","unknown","E","D2/D3","49,77,101,161,162,200,203,323,391,392"
"EDE1-P6A12","Mutagenesis","Residue","DENV-1","unknown","E","D2/D3","49,64,77,101,122,134,161,162,200,202,203,274,278,308,309,323,391,392"
"EDE1-P6A3","Mutagenesis","Residue","DENV-1","unknown","E","D2/D3","49,77,101,122,134,161,162,200,202,203,323,391,392"
"EDE1-P6B11","Mutagenesis","Residue","DENV-1","unknown","E","D2/D3","49,58,64,77,101,122,134,161,162,200,202,203,274,308,309,310,323,391,392"
"EDE1-P6B4","Mutagenesis","Residue","DENV-1","unknown","E","D2/D3","49,64,77,101,122,134,161,162,200,202,203,274,278,308,309,323,391,392"
"EDE1-P6B5","Mutagenesis","Residue","DENV-1","unknown","E","D2/D3","49,64,77,101,122,134,161,162,200,202,203,278,308,310,323,391,392"
"EDE1-P6C4","Mutagenesis","Residue","DENV-1","unknown","E","D2/D3","49,77,101,161,200,323,391,392"
"EDE2-(2)D2","Mutagenesis","Residue","DENV-1","unknown","E","D2/D3","49,64,77,101,122,134,153,155,161,162,169,200,202,310,323,391,392"
"EDE2-(4)A10","Mutagenesis","Residue","DENV-1","unknown","E","D2/D3","49,64,77,101,122,153,155,161,162,169,200,202,203,310,323,391,392"
"EDE2-(4)A11","Mutagenesis","Residue","DENV-1","unknown","E","D2/D3","49,64,77,101,122,153,155,161,162,169,200,202,203,310,323,391,392"
"EDE2-(4)A11","X-ray","Residue","DENV-2","Recombinant DENV-2 FGA02 sE (1-395)","E","D2/D3","67-74,98-100,102-105,113,152-155,157,245-249"
"EDE2-(4)A3","Mutagenesis","Residue","DENV-1","unknown","E","D2/D3","49,64,77,101,122,153,155,161,162,169,200,202,203,310,323,391,392"
"EDE2-(4)B4","Mutagenesis","Residue","DENV-1","unknown","E","D2/D3","49,64,77,101,122,134,153,155,161,162,169,200,202,203,307,310,323,391,392"
"EDE2-(4)B6","Mutagenesis","Residue","DENV-1","unknown","E","D2/D3","49,64,77,101,122,153,155,161,162,169,200,202,203,310,323,391,392"
"EDE2-(4)B7","Cryo-em","Residue","DENV-2","16681.0","E","D2/D3","67-74,98-100,102-105,113,152-156,157,245-249"
"EDE2-(4)B7","Mutagenesis","Residue","DENV-1","unknown","E","D2/D3","49,64,77,101,122,153,155,161,162,169,200,202,203,310,323,391,392"
"EDE2-(4)B7","X-ray","Residue","DENV-2","Recombinant DENV-2 FGA02 sE (1-395)","E","D2/D3","67-74,98-100,102-105,113,152-156,157,245-249"
"EDE2-(4)D6","Mutagenesis","Residue","DENV-1","unknown","E","D2/D3","49,64,77,101,122,134,153,155,161,162,169,200,202,203,310,323,391,392"
"EDE2-B2","Mutagenesis","Residue","DENV-1","unknown","E","D2/D3","49,64,77,101,122,153,155,161,162,169,200,202,203,310,323,391,392"
"EDE2-B6","Mutagenesis","Residue","DENV-1","unknown","E","D2/D3","49,64,77,101,122,134,153,155,161,162,169,200,202,310,323,391,392"
"EDE2-B8","Mutagenesis","Residue","DENV-1","unknown","E","D2/D3","49,64,77,101,122,134,153,155,161,162,169,200,202,203,274,295,308,310,323,391,392"
"EDE2-C2","Mutagenesis","Residue","DENV-1","unknown","E","D2/D3","49,64,77,101,122,134,153,154,155,161,162,169,200,202,203,307,308,310,323,391,392"
"EDE2-C4","Mutagenesis","Residue","DENV-1","unknown","E","D2/D3","49,77,101,122,153,155,161,162,169,200,202,310,323,391,392"
"EDE2-C7","Mutagenesis","Residue","DENV-1","unknown","E","D2/D3","49,64,77,101,122,134,153,155,161,162,169,200,202,310,323,391,392"
"EDE2-D11","Mutagenesis","Residue","DENV-1","unknown","E","D2/D3","49,64,77,101,122,134,153,155,161,162,169,200,202,310,323,391,392"
"EDE2-D5","Mutagenesis","Residue","DENV-1","unknown","E","D2/D3","49,64,77,101,122,134,153,155,161,162,169,200,202,203,278,310,323,391,392"
"EDE2-D8","Mutagenesis","Residue","DENV-1","unknown","E","D2/D3","49,64,77,101,122,134,153,155,161,162,169,200,202,203,295,308,310,323,391,392"
"FLE-(2)A2","Computational","Predicted","","","E(AB)","","73,76-77,101,103-105,107,131,133,145,147-149,154,308-311,364"
"FLE-(2)A2","Mutagenesis","Residue","DENV-1","unknown","E","D2","101"
"FLE-(2)C1","Computational","Predicted","","","E(AB)","","73,76-77,101,103-105,107,131,133,145,147-149,154,308-311,364"
"FLE-(2)C1","Mutagenesis","Residue","DENV-1","unknown","E","D2","101"
"FLE-(2)D8","Computational","Predicted","","","E(AB)","","72-73,76-77,101,103-105,107,131,133,147-149,308-311,364"
"FLE-(2)D8","Mutagenesis","Residue","DENV-1","unknown","E","D2","101,107"
"FLE-(3)A7","Computational","Predicted","","","E(AB)","","73,76-77,101,103-105,107,131,133,145,147-149,154,308-311,364"
"FLE-(3)A7","Mutagenesis","Residue","DENV-1","unknown","E","D2","101"
"FLE-(3)B2","Computational","Predicted","","","E(AB)","","73,76-77,101,103-105,107,131,133,145,147-149,154,308-311,364"
"FLE-(3)B2","Mutagenesis","Residue","DENV-1","unknown","E","D2","101"
"FLE-(3)B3","Computational","Predicted","","","E(AB)","","73,76-77,101,103-105,107,131,133,145,147-149,154,308-311,364"
"FLE-(3)B3","Mutagenesis","Residue","DENV-1","unknown","E","D2","101"
"FLE-(3)B4","Computational","Predicted","","","E(AB)","","73,76-77,101,103-105,107,131,133,145,147-149,154,308-311,364"
"FLE-(3)B4","Mutagenesis","Residue","DENV-1","unknown","E","D2","101"
"FLE-(3)B8","Computational","Predicted","","","E(AB)","","73,76-77,101,103-105,107,131,133,145,147-149,154,308-311,364"
"FLE-(3)B8","Mutagenesis","Residue","DENV-1","unknown","E","D2","101"
"FLE-(3)C3","Computational","Predicted","","","E(AB)","","73,76-77,101,103-105,107,131,133,145,147-149,154,308-311,364"
"FLE-(3)C3","Mutagenesis","Residue","DENV-1","unknown","E","D2","101"
"FLE-(3)C5","Computational","Predicted","","","E(AB)","","72-73,76-77,101,103-105,107,131,133,147-149,308-311,364"
"FLE-(3)C5","Mutagenesis","Residue","DENV-1","unknown","E","D2","101,107"
"FLE-(3)D1","Computational","Predicted","","","E(AB)","","73,76-77,101,103-105,107,131,133,145,147-149,154,308-311,364"
"FLE-(3)D1","Mutagenesis","Residue","DENV-1","unknown","E","D2","101"
"FLE-(3)D10","Computational","Predicted","","","E(AB)","","73,76-77,101,103-105,107,131,133,145,147-149,154,308-311,364"
"FLE-(3)D10","Mutagenesis","Residue","DENV-1","unknown","E","D2","101"
"FLE-(3)D7","Computational","Predicted","","","E(AB)","","73,76-77,101,103-105,107,131,133,145,147-149,154,308-311,364"
"FLE-(3)D7","Mutagenesis","Residue","DENV-1","unknown","E","D2","101"
"FLE-(3)D9","Computational","Predicted","","","E(AB)","","73,76-77,101,103-105,107,131,133,145,147-149,154,308-311,364"
"FLE-(3)D9","Mutagenesis","Residue","DENV-1","unknown","E","D2","101"
"FLE-2B2","Computational","Predicted","","","E(AB)","","73,76-77,101,103-105,107,131,133,145,147-149,154,308-311,364"
"FLE-2B2","Mutagenesis","Residue","DENV-1","unknown","E","D2","101"
"FLE-2C12","Computational","Predicted","","","E(AB)","","73,76-77,101,103-105,107,131,133,145,147-149,154,308-311,364"
"FLE-2C12","Mutagenesis","Residue","DENV-1","unknown","E","D2","101"
"FLE-2C4","Computational","Predicted","","","E(AB)","","73,76-77,101,103-105,107,131,133,145,147-149,154,308-311,364"
"FLE-2C4","Mutagenesis","Residue","DENV-1","unknown","E","D2","101"
"FLE-2C5","Computational","Predicted","","","E(AB)","","73,76-77,101,103-105,107,131,133,145,147-149,154,308-311,364"
"FLE-2C5","Mutagenesis","Residue","DENV-1","unknown","E","D2","101"
"FLE-2C6","Computational","Predicted","","","E(AB)","","73,76-77,101,103-105,107,131,133,145,147-149,154,308-311,364"
"FLE-2C6","Mutagenesis","Residue","DENV-1","unknown","E","D2","101"
"FLE-2C7","Computational","Predicted","","","E(AB)","","73,76-77,101,103-105,107,131,133,145,147-149,154,308-311,364"
"FLE-2C7","Mutagenesis","Residue","DENV-1","unknown","E","D2","101"
"FLE-2D11","Computational","Predicted","","","E(AB)","","73,76-77,101,103-105,107,131,133,145,147-149,154,308-311,364"
"FLE-2D11","Mutagenesis","Residue","DENV-1","unknown","E","D2","101"
"FLE-A1.751","Computational","Predicted","","","E(AB)","","73,76-77,101,103-105,107,131,133,145,147-149,154,308-311,364"
"FLE-A1.751","Mutagenesis","Residue","DENV-1","unknown","E","D2","101"
"FLE-A1.753","Computational","Predicted","","","E(AB)","","73,76-77,101,103-105,107,131,133,145,147-149,154,308-311,364"
"FLE-A1.753","Mutagenesis","Residue","DENV-1","unknown","E","D2","101"
"FLE-A12","Computational","Predicted","","","E(AB)","","72-73,76-77,101,103-105,107,131,133,147-149,308-311,364"
"FLE-A12","Mutagenesis","Residue","DENV-1","unknown","E","D2","101,107"
"FLE-A2","Computational","Predicted","","","E(AB)","","73,76-77,101,103-105,107,131,133,145,147-149,154,308-311,364"
"FLE-A2","Mutagenesis","Residue","DENV-1","unknown","E","D2","101"
"FLE-B11","Computational","Predicted","","","E(AB)","","73,76-77,101,103-105,107,131,133,145,147-149,154,308-311,364"
"FLE-B11","Mutagenesis","Residue","DENV-1","unknown","E","D2","101"
"FLE-B12","Computational","Predicted","","","E(AB)","","72-73,76-77,101,103-105,107,131,133,147-149,308-311,364"
"FLE-B12","Mutagenesis","Residue","DENV-1","unknown","E","D2","101,107"
"FLE-B12","Mutagenesis","Residue","DENV-1","unknown","E","D2","101"
"FLE-B2","Computational","Predicted","","","E(AB)","","73,76-77,101,103-105,107,131,133,145,147-149,154,308-311,364"
"FLE-B2","Mutagenesis","Residue","DENV-1","unknown","E","D2","101"
"FLE-B3","Computational","Predicted","","","E(AB)","","73,76-77,101,103-105,107,131,133,145,147-149,154,308-311,364"
"FLE-B3","Mutagenesis","Residue","DENV-1","unknown","E","D2","101"
"FLE-B4","Computational","Predicted","","","E(AB)","","73,76-77,101,103-105,107,131,133,145,147-149,154,308-311,364"
"FLE-B4","Mutagenesis","Residue","DENV-1","unknown","E","D2","101"
"FLE-B6","Computational","Predicted","","","E(AB)","","73,76-77,101,103-105,107,131,133,145,147-149,154,308-311,364"
"FLE-B6","Mutagenesis","Residue","DENV-1","unknown","E","D2","101"
"FLE-B7","Computational","Predicted","","","E(AB)","","73,76-77,101,103-105,107,131,133,145,147-149,154,308-311,364"
"FLE-B7","Mutagenesis","Residue","DENV-1","unknown","E","D2","101"
"FLE-C1","Computational","Predicted","","","E(AB)","","73,76-77,101,103-105,107,131,133,145,147-149,154,308-311,364"
"FLE-C1","Mutagenesis","Residue","DENV-1","unknown","E","D2","101"
"FLE-C12","Computational","Predicted","","","E(AB)","","73,76-77,101,103-105,107,131,133,145,147-149,154,308-311,364"
"FLE-C12","Mutagenesis","Residue","DENV-1","unknown","E","D2","101"
"FLE-C4","Computational","Predicted","","","E(AB)","","73,76-77,101,103-105,107,131,133,145,147-149,154,308-311,364"
"FLE-C4","Mutagenesis","Residue","DENV-1","unknown","E","D2","101"
"FLE-C5","Computational","Predicted","","","E(AB)","","52,72-73,76-77,101,103-105,107,131,133,147-149,308-311,364"
"FLE-C5","Mutagenesis","Residue","DENV-1","unknown","E","D2","101,106,107"
"FLE-C7","Computational","Predicted","","","E(AB)","","72-73,76-77,101,103-105,107,131,133,147-149,308-311,364"
"FLE-C7","Mutagenesis","Residue","DENV-1","unknown","E","D2","101,107"
"FLE-C8","Computational","Predicted","","","E(AB)","","73,76-77,101,103-105,107,131,133,145,147-149,154,308-311,364"
"FLE-C8","Mutagenesis","Residue","DENV-1","unknown","E","D2","101"
"FLE-C9","Computational","Predicted","","","E(AB)","","73,76-77,101,103-105,107,131,133,145,147-149,154,308-311,364"
"FLE-C9","Mutagenesis","Residue","DENV-1","unknown","E","D2","101"
"FLE-D11","Computational","Predicted","","","E(AB)","","73,76-77,101,103-105,107,131,133,145,147-149,154,308-311,364"
"FLE-D11","Mutagenesis","Residue","DENV-1","unknown","E","D2","101"
"FLE-D7","Computational","Predicted","","","E(AB)","","73,76-77,101,103-105,107,131,133,145,147-149,154,308-311,364"
"FLE-D7","Mutagenesis","Residue","DENV-1","unknown","E","D2","101"
"FLE-P6B10","Computational","Predicted","","","E(AB)","","73,76-77,101,103-105,107,131,133,145,147-149,154,308-311,364"
"FLE-P6B10","Mutagenesis","Residue","DENV-1","unknown","E","D2","101"
"FLE-P6D4","Computational","Predicted","","","E(AB)","","73,76-77,101,103-105,107,131,133,145,147-149,154,308-311,364"
"FLE-P6D4","Mutagenesis","Residue","DENV-1","unknown","E","D2","101"
"FLE-p4C10","Computational","Predicted","","","E(AB)","","73,76-77,101,103-105,107,131,133,145,147-149,154,308-311,364"
"FLE-p4C10","Mutagenesis","Residue","DENV-1","unknown","E","D2","101"
"FLE-p4C2","Computational","Predicted","","","E(AB)","","73,76-77,101,103-105,107,131,133,145,147-149,154,308-311,364"
"FLE-p4C2","Mutagenesis","Residue","DENV-1","unknown","E","D2","101"
"G8D11","Computational","Predicted","","","E(AC)","","101,133,148,165,167-168,303,305,307-311,325,327-329,361-362,364,384-387"
"G8D11","Passaging","Residue","DENV-2","New Guinea C","E","D3","307"
"G8D11","Western blot","Domain","DENV-2","New Guinea C","E","D3","298-397"
"GTX29202","Computational","Predicted","","","E(AC)","","101,133,145,147-148,165,167-168,170,303,305,307-311,325,327-329,359,361-362,364,383-387"
"GTX29202","Mutagenesis","Residue","DENV-2","New Guinea C","E","D3","310,312,332,389,391"
"GTX29202","Mutagenesis","Residue","DENV-3","Philippines/H87/1956","E","D3","305,306,308,309,310,325,329,381,387,389"
"GTX77557","Computational","Predicted","","","E(AC)","","101,107,133,145,147-148,165,167-168,305,307-311,325,364,386-387"
"GTX77557","Mutagenesis","Residue","DENV-2","New Guinea C","E","D3","310,332,391"
"GTX77558","Computational","Predicted","","","E(AC)","","299-300,303,305,307-308,325,327-332,359-362,383-387"
"GTX77558","Mutagenesis","Residue","DENV-2","New Guinea C","E","D3","301,305,383,384,329,332"
"HMAF-DEN-1","Western blot","Domain","DENV-2","New Guinea C","E","D3","298-397"
"HMAF-DEN-3","Western blot","Domain","DENV-2","New Guinea C","E","D3","298-397"
"HMAF-DEN-4","Western blot","Domain","DENV-2","New Guinea C","E","D3","298-397"
"IP-05-143","Computational","Predicted","","","E(AC)","","170,299-300,303,305,307-308,325,327-332,361,383-387"
"IP-05-143","Mutagenesis","Residue","DENV-2","New Guinea C","E","D3","301,305,383,384"
"M8051122","Computational","Predicted","","","E(AC)","","101,145,147,167-168,300,303,305,307-311,325,327-329,332,355,359,361-362,364,383-387"
"M8051122","Mutagenesis","Residue","DENV-2","New Guinea C","E","D3","301,305,383,384"
"M8051122","Mutagenesis","Residue","DENV-2","16681.0","E","D3","304,315,317,331,383,384"
"M8051122","Mutagenesis","Residue","DENV-2","16681.0","E","D3","304,310,315,317,331,383,384"
"MA1-20793","Computational","Predicted","","","E(AC)","","101,133,165,167-168,170,305,307-311,325,327,364,383-387"
"MA1-20793","Mutagenesis","Residue","DENV-2","New Guinea C","E","D3","310"
"MA1-20793","Mutagenesis","Residue","DENV-3","Philippines/H87/1956","E","D3","306,308,309,310,381,384,387,389,391"
"MDVP-55A","Computational","Predicted","","","E(AC)","","101,133,147,165,167-168,170,303,305,307-311,325,327-328,359,361,364,383-387"
"MDVP-55A","Mutagenesis","Residue","DENV-2","New Guinea C","E","D3","310,332,391"
"MDVP-55A","Mutagenesis","Residue","DENV-3","Philippines/H87/1956","E","D3","305,306,308,309,325,381,384,387,389,391"
"MDVP-55A","Mutagenesis","Residue","DENV-1","BC94/95","E","D3","310,311"
"NFLE-(3)A8","Computational","Predicted","","","E(AC)","","49,51-53,76-77,101,107,128,131,133,136,163,165,167-168,308-311"
"NFLE-(3)A8","Mutagenesis","Residue","DENV-1","unknown","E","D2/D3","49,101,162,200,391,392"
"NFLE-(3)D4","Computational","Predicted","","","E(AC)","","49,51-53,55,76-77,101,105,107,128,131,133,136,165,167-168,308-311"
"NFLE-(3)D4","Mutagenesis","Residue","DENV-1","unknown","E","D2/D3","49,101,200,391"
"NFLE-A4","Computational","Predicted","","","E(AB)","","51-53,55,71-73,76-77,79,81,103-105,107,126,128,131,133,220,225,311"
"NFLE-A4","Mutagenesis","Residue","DENV-1","unknown","E","D2","77"
"NFLE-A5","Mutagenesis","Residue","DENV-1","unknown","E","D2/D3","49,64,77,101,161,162,169,200,203,323,391,392"
"WB(-)-(2)C10","Mutagenesis","Residue","DENV-1","unknown","E","D2/D3","49,77,107,134,167,169,172,174,203,295"
"WB(-)-(2)D1","Mutagenesis","Residue","DENV-1","unknown","E","D2/D3","49,77,107,134,167,169,172,174,202,203,295,298,389"
"WB(-)-(3)A5","Computational","Predicted","","","E(AB)","","73,76-77,101,103-105,107,131,133,145,147-149,154,308-311,364"
"WB(-)-(3)A5","Mutagenesis","Residue","DENV-1","unknown","E","D2","101"
"WB(-)-(3)B12","Computational","Predicted","","","E(AB)","","73,76-77,101,103-105,107,131,133,145,147-149,154,308-311,364"
"WB(-)-(3)B12","Mutagenesis","Residue","DENV-1","unknown","E","D2","101"
"WB(-)-(3)D8","Computational","Predicted","","","E(AB)","","73,76-77,101,103-105,107,131,133,145,147-149,154,308-311,364"
"WB(-)-(3)D8","Mutagenesis","Residue","DENV-1","unknown","E","D2","101"
"WB(-)-A6","Computational","Predicted","","","E(AB)","","73,76-77,101,103-105,107,131,133,145,147-149,154,308-311,364"
"WB(-)-A6","Mutagenesis","Residue","DENV-1","unknown","E","D2","101"
"WB(-)-B9","Mutagenesis","Residue","DENV-1","unknown","E","D2/D3","49,77,107,167,169,172,174,203,295"
"WB(-)-D3","Mutagenesis","Residue","DENV-1","unknown","E","D2/D3","49,77,107,134,161,162,167,169,172,174,203,391,"
"WB(-)-P6C7","Computational","Predicted","","","E(AB)","","73,76-77,101,103-105,107,131,133,145,147-149,154,308-311,364"
"WB(-)-P6C7","Mutagenesis","Residue","DENV-1","unknown","E","D2","101"
"WB(-)-P6D2","Mutagenesis","Residue","DENV-1","unknown","E","D2/D3","49,77,101,107,122,134,161,162,169,172,200,202,295,391,392"
"WB(-)-P6D5","Mutagenesis","Residue","DENV-1","unknown","E","D2/D3","49,64,77,101,107,122,134,161,162,169,172,200,202,203,274,295,308,309,323,391,392"
"WB(-)-P6D7","Mutagenesis","Residue","DENV-1","unknown","E","D2/D3","49,64,77,101,107,122,134,161,162,169,172,200,202,295,308,309,323,391,392"
